sample	peptide	modified_sequence	retention_time	ion	light_area	heavy_area	n15_area	flag	id
QS201211_PrP_Exp31_MD01_01	PIIHFGSDYEDR	PIIHFGSDYEDR	49.1	y4	650782	263156	31434		MD01
QS201211_PrP_Exp31_MD02_01	PIIHFGSDYEDR	PIIHFGSDYEDR	48.98	y4	610469	252789	32220		MD02
QS201211_PrP_Exp31_MD03_01	PIIHFGSDYEDR	PIIHFGSDYEDR	49.07	y4	828425	377044	44200		MD03
QS201211_PrP_Exp31_MD04_01	PIIHFGSDYEDR	PIIHFGSDYEDR	48.98	y4	763650	305987	40727		MD04
QS201211_PrP_Exp31_MD05_01	PIIHFGSDYEDR	PIIHFGSDYEDR	49.03	y4	992929	349141	44595		MD05
QS201211_PrP_Exp31_MD06_01	PIIHFGSDYEDR	PIIHFGSDYEDR	48.97	y4	876786	295329	39973		MD06
QS201211_PrP_Exp31_MD07_01	PIIHFGSDYEDR	PIIHFGSDYEDR	48.93	y4	368713	291082	41419		MD07
QS201211_PrP_Exp31_MD08_01	PIIHFGSDYEDR	PIIHFGSDYEDR	48.88	y4	343543	273152	39466		MD08
QS201211_PrP_Exp31_MD09_01	PIIHFGSDYEDR	PIIHFGSDYEDR	48.95	y4	1010001	253304	33508		MD09
QS201211_PrP_Exp31_MD10_01	PIIHFGSDYEDR	PIIHFGSDYEDR	48.78	y4	949813	228011	35350		MD10
QS201211_PrP_Exp31_MD11_01	PIIHFGSDYEDR	PIIHFGSDYEDR	48.89	y4	571396	264753	34360		MD11
QS201211_PrP_Exp31_MD12_01	PIIHFGSDYEDR	PIIHFGSDYEDR	48.74	y4	566877	243921	39012		MD12
QS201211_PrP_Exp31_MD13_01	PIIHFGSDYEDR	PIIHFGSDYEDR	48.85	y4	791007	345315	46664		MD13
QS201211_PrP_Exp31_MD14_01	PIIHFGSDYEDR	PIIHFGSDYEDR	48.8	y4	712079	215909	39365		MD14
QS201211_PrP_Exp31_MD15_01	PIIHFGSDYEDR	PIIHFGSDYEDR	48.7	y4	469566	193308	31187		MD15
QS201211_PrP_Exp31_MD16_01	PIIHFGSDYEDR	PIIHFGSDYEDR	48.67	y4	523413	202548	27795		MD16
QS201211_PrP_Exp31_MD17_01	PIIHFGSDYEDR	PIIHFGSDYEDR	48.75	y4	888269	210842	32904		MD17
QS201211_PrP_Exp31_MD18_01	PIIHFGSDYEDR	PIIHFGSDYEDR	48.63	y4	841988	221866	25306		MD18
QS201211_PrP_Exp31_MD19_01	PIIHFGSDYEDR	PIIHFGSDYEDR	48.69	y4	711307	221034	26591		MD19
QS201211_PrP_Exp31_MD20_01	PIIHFGSDYEDR	PIIHFGSDYEDR	48.53	y4	779519	227086	32864		MD20
QS201211_PrP_Exp31_MD21_01	PIIHFGSDYEDR	PIIHFGSDYEDR	48.63	y4	1059134	263628	38672		MD21
QS201211_PrP_Exp31_MD22_01	PIIHFGSDYEDR	PIIHFGSDYEDR	48.75	y4	1118185	273863	36639		MD22
QS201211_PrP_Exp31_MD23_01	PIIHFGSDYEDR	PIIHFGSDYEDR	48.78	y4	1087348	405867	45345		MD23
QS201211_PrP_Exp31_MD24_01	PIIHFGSDYEDR	PIIHFGSDYEDR	48.87	y4	1036811	366197	49564		MD24
QS201211_PrP_Exp31_MD01_01	RPKPGGWNTGGSR	RPKPGGWNTGGSR	28.85	y4	41980	364593	20629		MD01
QS201211_PrP_Exp31_MD02_01	RPKPGGWNTGGSR	RPKPGGWNTGGSR	28.85	y4	38150	307900	16563		MD02
QS201211_PrP_Exp31_MD03_01	RPKPGGWNTGGSR	RPKPGGWNTGGSR	28.8	y4	76495	536390	33144		MD03
QS201211_PrP_Exp31_MD04_01	RPKPGGWNTGGSR	RPKPGGWNTGGSR	28.78	y4	73497	556384	30786		MD04
QS201211_PrP_Exp31_MD05_01	RPKPGGWNTGGSR	RPKPGGWNTGGSR	28.74	y4	69008	527844	27668		MD05
QS201211_PrP_Exp31_MD06_01	RPKPGGWNTGGSR	RPKPGGWNTGGSR	28.77	y4	61361	489717	22340		MD06
QS201211_PrP_Exp31_MD07_01	RPKPGGWNTGGSR	RPKPGGWNTGGSR	28.84	y4	47713	557135	27761		MD07
QS201211_PrP_Exp31_MD08_01	RPKPGGWNTGGSR	RPKPGGWNTGGSR	28.74	y4	45654	565153	34774		MD08
QS201211_PrP_Exp31_MD09_01	RPKPGGWNTGGSR	RPKPGGWNTGGSR	28.7	y4	39470	345268	18746		MD09
QS201211_PrP_Exp31_MD10_01	RPKPGGWNTGGSR	RPKPGGWNTGGSR	28.67	y4	68019	477098	25489		MD10
QS201211_PrP_Exp31_MD11_01	RPKPGGWNTGGSR	RPKPGGWNTGGSR	28.68	y4	40327	409626	23014		MD11
QS201211_PrP_Exp31_MD12_01	RPKPGGWNTGGSR	RPKPGGWNTGGSR	28.67	y4	33418	333483	16822		MD12
QS201211_PrP_Exp31_MD13_01	RPKPGGWNTGGSR	RPKPGGWNTGGSR	28.61	y4	52335	576876	28117		MD13
QS201211_PrP_Exp31_MD14_01	RPKPGGWNTGGSR	RPKPGGWNTGGSR	28.62	y4	40350	399270	16825		MD14
QS201211_PrP_Exp31_MD15_01	RPKPGGWNTGGSR	RPKPGGWNTGGSR	28.68	y4	26527	352960	17430		MD15
QS201211_PrP_Exp31_MD16_01	RPKPGGWNTGGSR	RPKPGGWNTGGSR	28.69	y4	23751	283110	12142		MD16
QS201211_PrP_Exp31_MD17_01	RPKPGGWNTGGSR	RPKPGGWNTGGSR	28.75	y4	40550	289775	11124		MD17
QS201211_PrP_Exp31_MD18_01	RPKPGGWNTGGSR	RPKPGGWNTGGSR	28.79	y4	56515	424791	14893		MD18
QS201211_PrP_Exp31_MD19_01	RPKPGGWNTGGSR	RPKPGGWNTGGSR	28.78	y4	37260	338112	16678		MD19
QS201211_PrP_Exp31_MD20_01	RPKPGGWNTGGSR	RPKPGGWNTGGSR	28.63	y4	47847	428773	19360		MD20
QS201211_PrP_Exp31_MD21_01	RPKPGGWNTGGSR	RPKPGGWNTGGSR	28.67	y4	93294	543134	21953		MD21
QS201211_PrP_Exp31_MD22_01	RPKPGGWNTGGSR	RPKPGGWNTGGSR	28.68	y4	63539	369348	13000		MD22
QS201211_PrP_Exp31_MD23_01	RPKPGGWNTGGSR	RPKPGGWNTGGSR	28.78	y4	65703	628866	25997		MD23
QS201211_PrP_Exp31_MD24_01	RPKPGGWNTGGSR	RPKPGGWNTGGSR	28.77	y4	43023	437888	16628		MD24
QS201211_PrP_Exp31_MD01_01	YPGQGSPGGNR	YPGQGSPGGNR	28.73	y5	34931	44597	5058		MD01
QS201211_PrP_Exp31_MD02_01	YPGQGSPGGNR	YPGQGSPGGNR	28.78	y5	27164	36341	3407		MD02
QS201211_PrP_Exp31_MD03_01	YPGQGSPGGNR	YPGQGSPGGNR	28.75	y5	65217	64368	6765		MD03
QS201211_PrP_Exp31_MD04_01	YPGQGSPGGNR	YPGQGSPGGNR	28.74	y5	66201	80056	6960		MD04
QS201211_PrP_Exp31_MD05_01	YPGQGSPGGNR	YPGQGSPGGNR	28.67	y5	94869	90172	8145		MD05
QS201211_PrP_Exp31_MD06_01	YPGQGSPGGNR	YPGQGSPGGNR	28.73	y5	84453	72061	7281		MD06
QS201211_PrP_Exp31_MD07_01	YPGQGSPGGNR	YPGQGSPGGNR	28.8	y5	45798	96948	8639		MD07
QS201211_PrP_Exp31_MD08_01	YPGQGSPGGNR	YPGQGSPGGNR	28.73	y5	57937	105738	11115		MD08
QS201211_PrP_Exp31_MD09_01	YPGQGSPGGNR	YPGQGSPGGNR	28.67	y5	68124	60738	5708		MD09
QS201211_PrP_Exp31_MD10_01	YPGQGSPGGNR	YPGQGSPGGNR	28.66	y5	85335	66133	7995		MD10
QS201211_PrP_Exp31_MD11_01	YPGQGSPGGNR	YPGQGSPGGNR	28.64	y5	42334	57478	6379		MD11
QS201211_PrP_Exp31_MD12_01	YPGQGSPGGNR	YPGQGSPGGNR	28.68	y5	82893	112901	9586		MD12
QS201211_PrP_Exp31_MD13_01	YPGQGSPGGNR	YPGQGSPGGNR	28.62	y5	82478	95411	11306		MD13
QS201211_PrP_Exp31_MD14_01	YPGQGSPGGNR	YPGQGSPGGNR	28.63	y5	64837	72908	7840		MD14
QS201211_PrP_Exp31_MD15_01	YPGQGSPGGNR	YPGQGSPGGNR	28.68	y5	52749	65871	7037		MD15
QS201211_PrP_Exp31_MD16_01	YPGQGSPGGNR	YPGQGSPGGNR	28.72	y5	43989	57409	6194		MD16
QS201211_PrP_Exp31_MD17_01	YPGQGSPGGNR	YPGQGSPGGNR	28.72	y5	48581	33917	2791		MD17
QS201211_PrP_Exp31_MD18_01	YPGQGSPGGNR	YPGQGSPGGNR	28.81	y5	55393	46482	4008		MD18
QS201211_PrP_Exp31_MD19_01	YPGQGSPGGNR	YPGQGSPGGNR	28.82	y5	40834	45313	4892		MD19
QS201211_PrP_Exp31_MD20_01	YPGQGSPGGNR	YPGQGSPGGNR	28.63	y5	43911	50883	5977		MD20
QS201211_PrP_Exp31_MD21_01	YPGQGSPGGNR	YPGQGSPGGNR	28.68	y5	99147	76444	5889		MD21
QS201211_PrP_Exp31_MD22_01	YPGQGSPGGNR	YPGQGSPGGNR	28.71	y5	86407	55019	4031		MD22
QS201211_PrP_Exp31_MD23_01	YPGQGSPGGNR	YPGQGSPGGNR	28.81	y5	106940	113834	9883		MD23
QS201211_PrP_Exp31_MD24_01	YPGQGSPGGNR	YPGQGSPGGNR	28.76	y5	58843	54492	4913		MD24
QS201211_PrP_Exp31_MD01_01	GENFTETDVK	GENFTETDVK	38.35	y6	187469	318453	78262		MD01
QS201211_PrP_Exp31_MD02_01	GENFTETDVK	GENFTETDVK	38.28	y6	178676	294615	70735		MD02
QS201211_PrP_Exp31_MD03_01	GENFTETDVK	GENFTETDVK	38.29	y6	234242	486650	116454		MD03
QS201211_PrP_Exp31_MD04_01	GENFTETDVK	GENFTETDVK	38.21	y6	270391	497693	110109		MD04
QS201211_PrP_Exp31_MD05_01	GENFTETDVK	GENFTETDVK	38.25	y6	282658	545638	126568		MD05
QS201211_PrP_Exp31_MD06_01	GENFTETDVK	GENFTETDVK	38.24	y6	262595	466744	117548		MD06
QS201211_PrP_Exp31_MD07_01	GENFTETDVK	GENFTETDVK	38.24	y6	99976	466573	103969		MD07
QS201211_PrP_Exp31_MD08_01	GENFTETDVK	GENFTETDVK	38.16	y6	104545	479177	115143		MD08
QS201211_PrP_Exp31_MD09_01	GENFTETDVK	GENFTETDVK	38.22	y6	200655	273563	73193		MD09
QS201211_PrP_Exp31_MD10_01	GENFTETDVK	GENFTETDVK	38.11	y6	305613	401169	104424		MD10
QS201211_PrP_Exp31_MD11_01	GENFTETDVK	GENFTETDVK	38.19	y6	117255	379559	99618		MD11
QS201211_PrP_Exp31_MD12_01	GENFTETDVK	GENFTETDVK	38.16	y6	121946	408763	94975		MD12
QS201211_PrP_Exp31_MD13_01	GENFTETDVK	GENFTETDVK	38.11	y6	276857	581993	128257		MD13
QS201211_PrP_Exp31_MD14_01	GENFTETDVK	GENFTETDVK	38.08	y6	212391	386569	100473		MD14
QS201211_PrP_Exp31_MD15_01	GENFTETDVK	GENFTETDVK	38.04	y6	149638	355133	83188		MD15
QS201211_PrP_Exp31_MD16_01	GENFTETDVK	GENFTETDVK	38.09	y6	155325	356664	82752		MD16
QS201211_PrP_Exp31_MD17_01	GENFTETDVK	GENFTETDVK	38.1	y6	211246	328366	79464		MD17
QS201211_PrP_Exp31_MD18_01	GENFTETDVK	GENFTETDVK	38.09	y6	214413	339988	68358		MD18
QS201211_PrP_Exp31_MD19_01	GENFTETDVK	GENFTETDVK	38.13	y6	90960	306741	84415		MD19
QS201211_PrP_Exp31_MD20_01	GENFTETDVK	GENFTETDVK	38.01	y6	108165	356204	75539		MD20
QS201211_PrP_Exp31_MD21_01	GENFTETDVK	GENFTETDVK	37.99	y6	202658	435029	97520		MD21
QS201211_PrP_Exp31_MD22_01	GENFTETDVK	GENFTETDVK	38.11	y6	183215	354803	75576		MD22
QS201211_PrP_Exp31_MD23_01	GENFTETDVK	GENFTETDVK	38.14	y6	290935	525620	127902		MD23
QS201211_PrP_Exp31_MD24_01	GENFTETDVK	GENFTETDVK	38.2	y6	255718	454256	100375		MD24
QS201211_PrP_Exp31_MD01_01	VVEQMCITQYER	VVEQMC[+57]ITQYER	49.79	y5	1172467	226048	54527		MD01
QS201211_PrP_Exp31_MD02_01	VVEQMCITQYER	VVEQMC[+57]ITQYER	49.7	y5	1292601	223767	57455		MD02
QS201211_PrP_Exp31_MD03_01	VVEQMCITQYER	VVEQMC[+57]ITQYER	49.86	y5	1637199	289802	81843		MD03
QS201211_PrP_Exp31_MD04_01	VVEQMCITQYER	VVEQMC[+57]ITQYER	49.8	y5	1479774	220264	76519		MD04
QS201211_PrP_Exp31_MD06_01	VVEQMCITQYER	VVEQMC[+57]ITQYER	49.8	y5	1782090	288872	74730		MD06
QS201211_PrP_Exp31_MD07_01	VVEQMCITQYER	VVEQMC[+57]ITQYER	49.74	y5	972009	275298	75291		MD07
QS201211_PrP_Exp31_MD08_01	VVEQMCITQYER	VVEQMC[+57]ITQYER	49.7	y5	522105	157111	51390		MD08
QS201211_PrP_Exp31_MD09_01	VVEQMCITQYER	VVEQMC[+57]ITQYER	49.79	y5	1658637	185339	52639		MD09
QS201211_PrP_Exp31_MD10_01	VVEQMCITQYER	VVEQMC[+57]ITQYER	49.62	y5	1957215	188664	62960		MD10
QS201211_PrP_Exp31_MD11_01	VVEQMCITQYER	VVEQMC[+57]ITQYER	49.73	y5	1186906	207800	67260		MD11
QS201211_PrP_Exp31_MD13_01	VVEQMCITQYER	VVEQMC[+57]ITQYER	49.74	y5	1378768	260067	69297		MD13
QS201211_PrP_Exp31_MD14_01	VVEQMCITQYER	VVEQMC[+57]ITQYER	49.69	y5	1132175	119173	57250		MD14
QS201211_PrP_Exp31_MD15_01	VVEQMCITQYER	VVEQMC[+57]ITQYER	49.54	y5	812869	148874	49067		MD15
QS201211_PrP_Exp31_MD17_01	VVEQMCITQYER	VVEQMC[+57]ITQYER	49.61	y5	1709886	192399	56933		MD17
QS201211_PrP_Exp31_MD18_01	VVEQMCITQYER	VVEQMC[+57]ITQYER	49.46	y5	1811334	212639	55086		MD18
QS201211_PrP_Exp31_MD19_01	VVEQMCITQYER	VVEQMC[+57]ITQYER	49.56	y5	1332565	175769	52955		MD19
QS201211_PrP_Exp31_MD20_01	VVEQMCITQYER	VVEQMC[+57]ITQYER	49.39	y5	1469392	181719	58634		MD20
QS201211_PrP_Exp31_MD21_01	VVEQMCITQYER	VVEQMC[+57]ITQYER	49.52	y5	2576829	226921	65316		MD21
QS201211_PrP_Exp31_MD22_01	VVEQMCITQYER	VVEQMC[+57]ITQYER	49.69	y5	2236949	189342	51126		MD22
QS201211_PrP_Exp31_MD23_01	VVEQMCITQYER	VVEQMC[+57]ITQYER	49.74	y5	2094044	301801	84939		MD23
QS201211_PrP_Exp31_MD24_01	VVEQMCITQYER	VVEQMC[+57]ITQYER	49.84	y5	1765871	237166	67401		MD24
QS201211_PrP_Exp31_MD05_01	VVEQMCITQYER	VVEQM[+16]C[+57]ITQYER	43.05	y5	1607434	244160	64513	met-ox	MD05
QS201211_PrP_Exp31_MD12_01	VVEQMCITQYER	VVEQM[+16]C[+57]ITQYER	42.81	y5	1716613	316970	87965	met-ox	MD12
QS201211_PrP_Exp31_MD16_01	VVEQMCITQYER	VVEQM[+16]C[+57]ITQYER	42.79	y5	1714806	320584	87824	met-ox	MD16
QS201211_PrP_Exp31_MD01_01	ESQAYYQR	ESQAYYQR	30.35	y3	50553	28647	6555		MD01
QS201211_PrP_Exp31_MD02_01	ESQAYYQR	ESQAYYQR	30.36	y3	39835	23309	5907		MD02
QS201211_PrP_Exp31_MD03_01	ESQAYYQR	ESQAYYQR	30.33	y3	57964	28968	10452		MD03
QS201211_PrP_Exp31_MD04_01	ESQAYYQR	ESQAYYQR	30.31	y3	54782	31454	10379		MD04
QS201211_PrP_Exp31_MD05_01	ESQAYYQR	ESQAYYQR	30.26	y3	68227	35460	10644		MD05
QS201211_PrP_Exp31_MD06_01	ESQAYYQR	ESQAYYQR	30.31	y3	67689	35473	10030		MD06
QS201211_PrP_Exp31_MD07_01	ESQAYYQR	ESQAYYQR	30.33	y3	36325	37409	10899		MD07
QS201211_PrP_Exp31_MD08_01	ESQAYYQR	ESQAYYQR	30.26	y3	45465	44334	15419		MD08
QS201211_PrP_Exp31_MD09_01	ESQAYYQR	ESQAYYQR	30.27	y3	80154	33519	11077		MD09
QS201211_PrP_Exp31_MD10_01	ESQAYYQR	ESQAYYQR	30.2	y3	88418	37493	13678		MD10
QS201211_PrP_Exp31_MD11_01	ESQAYYQR	ESQAYYQR	30.28	y3	51160	34278	12664		MD11
QS201211_PrP_Exp31_MD12_01	ESQAYYQR	ESQAYYQR	30.21	y3	78213	47261	16526		MD12
QS201211_PrP_Exp31_MD13_01	ESQAYYQR	ESQAYYQR	30.18	y3	55172	37696	9559		MD13
QS201211_PrP_Exp31_MD14_01	ESQAYYQR	ESQAYYQR	30.18	y3	59631	35442	12499		MD14
QS201211_PrP_Exp31_MD15_01	ESQAYYQR	ESQAYYQR	30.2	y3	34165	34858	9712		MD15
QS201211_PrP_Exp31_MD16_01	ESQAYYQR	ESQAYYQR	30.19	y3	42920	30964	10263		MD16
QS201211_PrP_Exp31_MD17_01	ESQAYYQR	ESQAYYQR	30.31	y3	56492	26663	5952		MD17
QS201211_PrP_Exp31_MD18_01	ESQAYYQR	ESQAYYQR	30.36	y3	64213	28091	9420		MD18
QS201211_PrP_Exp31_MD19_01	ESQAYYQR	ESQAYYQR	30.32	y3	52071	25274	7928		MD19
QS201211_PrP_Exp31_MD20_01	ESQAYYQR	ESQAYYQR	30.19	y3	43707	21455	8367		MD20
QS201211_PrP_Exp31_MD21_01	ESQAYYQR	ESQAYYQR	30.19	y3	84841	26810	7203		MD21
QS201211_PrP_Exp31_MD22_01	ESQAYYQR	ESQAYYQR	30.23	y3	71003	26169	7589		MD22
QS201211_PrP_Exp31_MD23_01	ESQAYYQR	ESQAYYQR	30.33	y3	74547	45286	12487		MD23
QS201211_PrP_Exp31_MD24_01	ESQAYYQR	ESQAYYQR	30.36	y3	51772	24212	7372		MD24
QS201211_PrP_Exp31_MD01_01	VVEQMCVTQYQK	VVEQMC[+57]VTQYQK	43.22	y5	948	178416	NA		MD01
QS201211_PrP_Exp31_MD02_01	VVEQMCVTQYQK	VVEQMC[+57]VTQYQK	43.06	y5	747	155675	NA		MD02
QS201211_PrP_Exp31_MD03_01	VVEQMCVTQYQK	VVEQMC[+57]VTQYQK	43.21	y5	657	225779	NA		MD03
QS201211_PrP_Exp31_MD04_01	VVEQMCVTQYQK	VVEQMC[+57]VTQYQK	43.14	y5	93	189273	NA		MD04
QS201211_PrP_Exp31_MD05_01	VVEQMCVTQYQK	VVEQMC[+57]VTQYQK	43.28	y5	388	109553	NA		MD05
QS201211_PrP_Exp31_MD06_01	VVEQMCVTQYQK	VVEQMC[+57]VTQYQK	43.21	y5	860	214536	NA		MD06
QS201211_PrP_Exp31_MD07_01	VVEQMCVTQYQK	VVEQMC[+57]VTQYQK	43.19	y5	676	213797	NA		MD07
QS201211_PrP_Exp31_MD08_01	VVEQMCVTQYQK	VVEQMC[+57]VTQYQK	43.11	y5	412	142235	NA		MD08
QS201211_PrP_Exp31_MD09_01	VVEQMCVTQYQK	VVEQMC[+57]VTQYQK	43.21	y5	88	166473	NA		MD09
QS201211_PrP_Exp31_MD10_01	VVEQMCVTQYQK	VVEQMC[+57]VTQYQK	43.08	y5	681	187203	NA		MD10
QS201211_PrP_Exp31_MD11_01	VVEQMCVTQYQK	VVEQMC[+57]VTQYQK	43.15	y5	392	217466	NA		MD11
QS201211_PrP_Exp31_MD12_01	VVEQMCVTQYQK	VVEQMC[+57]VTQYQK	43	y5	3706	916	NA		MD12
QS201211_PrP_Exp31_MD13_01	VVEQMCVTQYQK	VVEQMC[+57]VTQYQK	43.16	y5	191	262505	NA		MD13
QS201211_PrP_Exp31_MD14_01	VVEQMCVTQYQK	VVEQMC[+57]VTQYQK	43.13	y5	111	120479	NA		MD14
QS201211_PrP_Exp31_MD15_01	VVEQMCVTQYQK	VVEQMC[+57]VTQYQK	42.89	y5	22	133077	NA		MD15
QS201211_PrP_Exp31_MD16_01	VVEQMCVTQYQK	VVEQMC[+57]VTQYQK	43.75	y5	5197	1786	NA		MD16
QS201211_PrP_Exp31_MD17_01	VVEQMCVTQYQK	VVEQMC[+57]VTQYQK	42.99	y5	75	165980	NA		MD17
QS201211_PrP_Exp31_MD18_01	VVEQMCVTQYQK	VVEQMC[+57]VTQYQK	42.86	y5	1732	175262	NA		MD18
QS201211_PrP_Exp31_MD19_01	VVEQMCVTQYQK	VVEQMC[+57]VTQYQK	42.91	y5	1313	145826	NA		MD19
QS201211_PrP_Exp31_MD20_01	VVEQMCVTQYQK	VVEQMC[+57]VTQYQK	42.73	y5	35	161719	NA		MD20
QS201211_PrP_Exp31_MD21_01	VVEQMCVTQYQK	VVEQMC[+57]VTQYQK	42.89	y5	1167	197947	NA		MD21
QS201211_PrP_Exp31_MD22_01	VVEQMCVTQYQK	VVEQMC[+57]VTQYQK	43.06	y5	544	149724	NA		MD22
QS201211_PrP_Exp31_MD23_01	VVEQMCVTQYQK	VVEQMC[+57]VTQYQK	43.2	y5	609	285495	NA		MD23
QS201211_PrP_Exp31_MD24_01	VVEQMCVTQYQK	VVEQMC[+57]VTQYQK	43.28	y5	820	254932	NA		MD24
QS201211_PrP_Exp31_MD01_01	ESQAYYDGR	ESQAYYDGR	31.51	y4	284	32067	NA		MD01
QS201211_PrP_Exp31_MD02_01	ESQAYYDGR	ESQAYYDGR	31.53	y4	177	26997	NA		MD02
QS201211_PrP_Exp31_MD03_01	ESQAYYDGR	ESQAYYDGR	31.56	y4	420	43869	NA		MD03
QS201211_PrP_Exp31_MD04_01	ESQAYYDGR	ESQAYYDGR	31.5	y4	38	41351	NA		MD04
QS201211_PrP_Exp31_MD05_01	ESQAYYDGR	ESQAYYDGR	31.51	y4	218	49762	NA		MD05
QS201211_PrP_Exp31_MD06_01	ESQAYYDGR	ESQAYYDGR	31.6	y4	1016	38332	NA		MD06
QS201211_PrP_Exp31_MD07_01	ESQAYYDGR	ESQAYYDGR	31.6	y4	546	53441	NA		MD07
QS201211_PrP_Exp31_MD08_01	ESQAYYDGR	ESQAYYDGR	31.45	y4	367	69155	NA		MD08
QS201211_PrP_Exp31_MD09_01	ESQAYYDGR	ESQAYYDGR	31.43	y4	373	46811	NA		MD09
QS201211_PrP_Exp31_MD10_01	ESQAYYDGR	ESQAYYDGR	31.52	y4	10	47608	NA		MD10
QS201211_PrP_Exp31_MD11_01	ESQAYYDGR	ESQAYYDGR	31.51	y4	314	45406	NA		MD11
QS201211_PrP_Exp31_MD12_01	ESQAYYDGR	ESQAYYDGR	31.43	y4	93	76732	NA		MD12
QS201211_PrP_Exp31_MD13_01	ESQAYYDGR	ESQAYYDGR	31.37	y4	6	57089	NA		MD13
QS201211_PrP_Exp31_MD14_01	ESQAYYDGR	ESQAYYDGR	31.33	y4	137	43900	NA		MD14
QS201211_PrP_Exp31_MD15_01	ESQAYYDGR	ESQAYYDGR	31.41	y4	6	44145	NA		MD15
QS201211_PrP_Exp31_MD16_01	ESQAYYDGR	ESQAYYDGR	31.36	y4	751	53627	NA		MD16
QS201211_PrP_Exp31_MD17_01	ESQAYYDGR	ESQAYYDGR	31.57	y4	948	44078	NA		MD17
QS201211_PrP_Exp31_MD18_01	ESQAYYDGR	ESQAYYDGR	31.57	y4	783	41611	NA		MD18
QS201211_PrP_Exp31_MD19_01	ESQAYYDGR	ESQAYYDGR	31.56	y4	1378	36705	NA		MD19
QS201211_PrP_Exp31_MD20_01	ESQAYYDGR	ESQAYYDGR	31.48	y4	1320	38597	NA		MD20
QS201211_PrP_Exp31_MD21_01	ESQAYYDGR	ESQAYYDGR	31.48	y4	157	48620	NA		MD21
QS201211_PrP_Exp31_MD22_01	ESQAYYDGR	ESQAYYDGR	31.53	y4	1122	38690	NA		MD22
QS201211_PrP_Exp31_MD23_01	ESQAYYDGR	ESQAYYDGR	31.5	y4	29	57763	NA		MD23
QS201211_PrP_Exp31_MD24_01	ESQAYYDGR	ESQAYYDGR	31.57	y4	429	40263	NA		MD24
QS201211_PrP_Exp31_MD01_01	VVEQMCITQYEK	VVEQMC[+57]ITQYEK	49.37	y5	3039	203404	NA		MD01
QS201211_PrP_Exp31_MD02_01	VVEQMCITQYEK	VVEQMC[+57]ITQYEK	49.25	y5	2185	210945	NA		MD02
QS201211_PrP_Exp31_MD03_01	VVEQMCITQYEK	VVEQMC[+57]ITQYEK	49.37	y5	1281	265492	NA		MD03
QS201211_PrP_Exp31_MD04_01	VVEQMCITQYEK	VVEQMC[+57]ITQYEK	49.3	y5	1125	216487	NA		MD04
QS201211_PrP_Exp31_MD05_01	VVEQMCITQYEK	VVEQMC[+57]ITQYEK	49.35	y5	1562	122302	NA		MD05
QS201211_PrP_Exp31_MD06_01	VVEQMCITQYEK	VVEQMC[+57]ITQYEK	49.29	y5	1254	247608	NA		MD06
QS201211_PrP_Exp31_MD07_01	VVEQMCITQYEK	VVEQMC[+57]ITQYEK	49.23	y5	1231	245504	NA		MD07
QS201211_PrP_Exp31_MD08_01	VVEQMCITQYEK	VVEQMC[+57]ITQYEK	49.18	y5	1282	149226	NA		MD08
QS201211_PrP_Exp31_MD09_01	VVEQMCITQYEK	VVEQMC[+57]ITQYEK	49.3	y5	1567	177534	NA		MD09
QS201211_PrP_Exp31_MD10_01	VVEQMCITQYEK	VVEQMC[+57]ITQYEK	49.14	y5	2130	185741	NA		MD10
QS201211_PrP_Exp31_MD11_01	VVEQMCITQYEK	VVEQMC[+57]ITQYEK	49.22	y5	953	201989	NA		MD11
QS201211_PrP_Exp31_MD12_01	VVEQMCITQYEK	VVEQMC[+57]ITQYEK	49.45	y5	874	1748	NA		MD12
QS201211_PrP_Exp31_MD13_01	VVEQMCITQYEK	VVEQMC[+57]ITQYEK	49.22	y5	1849	260939	NA		MD13
QS201211_PrP_Exp31_MD14_01	VVEQMCITQYEK	VVEQMC[+57]ITQYEK	49.15	y5	2620	116024	NA		MD14
QS201211_PrP_Exp31_MD15_01	VVEQMCITQYEK	VVEQMC[+57]ITQYEK	49.07	y5	1777	150060	NA		MD15
QS201211_PrP_Exp31_MD16_01	VVEQMCITQYEK	VVEQMC[+57]ITQYEK	62.1	y5	1534	13575	NA		MD16
QS201211_PrP_Exp31_MD17_01	VVEQMCITQYEK	VVEQMC[+57]ITQYEK	49.12	y5	1554	183939	NA		MD17
QS201211_PrP_Exp31_MD18_01	VVEQMCITQYEK	VVEQMC[+57]ITQYEK	48.99	y5	1884	179026	NA		MD18
QS201211_PrP_Exp31_MD19_01	VVEQMCITQYEK	VVEQMC[+57]ITQYEK	49.07	y5	1289	161740	NA		MD19
QS201211_PrP_Exp31_MD20_01	VVEQMCITQYEK	VVEQMC[+57]ITQYEK	48.92	y5	3291	193374	NA		MD20
QS201211_PrP_Exp31_MD21_01	VVEQMCITQYEK	VVEQMC[+57]ITQYEK	49.03	y5	3125	224036	NA		MD21
QS201211_PrP_Exp31_MD22_01	VVEQMCITQYEK	VVEQMC[+57]ITQYEK	49.15	y5	3164	187167	NA		MD22
QS201211_PrP_Exp31_MD23_01	VVEQMCITQYEK	VVEQMC[+57]ITQYEK	49.19	y5	2772	297138	NA		MD23
QS201211_PrP_Exp31_MD24_01	VVEQMCITQYEK	VVEQMC[+57]ITQYEK	49.29	y5	752	255244	NA		MD24
